issuer,date,positive_share,negative_share,mix_share,momentum,volatility,log_past_news,adjusted_prior7,adjusted_future7
AAA,2023-06-16,0.0,0.1,0.9,-0.019184621216768973,0.02715977626543585,0.0,-0.002119318029279485,-0.00191312719420166
BBB,2023-06-16,0.3,0.2,0.5,0.06820528130624164,0.04972579961586033,0.6931471805599453,-0.0005050520532559313,0.0022722667010594898
CCC,2023-06-16,0.6,0.3,0.10000000000000009,0.190880421285382,0.037596833890291136,1.0986122886681098,0.00040217567260184396,-0.0020901722687276213
DDD,2023-06-16,0.9,0.4,0.0,0.26451657481051655,0.02449351868182855,1.3862943611198906,0.0014548805015095418,-0.0007736393589107556
EEE,2023-06-16,0.1,0.5,0.4,0.028660474181662145,0.03505211409176582,1.6094379124341003,-0.0030067677297774664,0.0030390329878558385
FFF,2023-06-16,0.4,0.6,0.0,-0.10403952551346952,0.026912065329025125,1.791759469228055,0.0009179227802294818,0.0035514539241724447
AAA,2023-09-15,0.1,0.3,0.6,0.058487617301359575,0.019079972661870677,0.6931471805599453,-0.003820064607700027,-0.000430028005635511
BBB,2023-09-15,0.4,0.4,0.19999999999999996,-0.02581817834235212,0.0449878852332508,1.0986122886681098,-0.005153395212187892,-0.0016912038005061241
CCC,2023-09-15,0.7,0.5,0.0,0.05708775883079761,0.04746586039978487,1.3862943611198906,-0.0027344494999963507,9.56214218562414e-05
DDD,2023-09-15,1.0,0.6,0.0,0.06244140650801055,0.031836506350023615,1.6094379124341003,-0.0014134795462314507,-5.039905863397107e-05
EEE,2023-09-15,0.2,0.7,0.10000000000000009,-0.011661402070934355,0.023799840854210066,1.791759469228055,-0.004482750519153464,4.234486879914725e-05
FFF,2023-09-15,0.5,0.8,0.0,0.030991542864404985,0.023963614895623958,1.9459101490553132,-0.005620626005780411,0.0012976006170854397
AAA,2024-01-12,0.2,0.5,0.30000000000000004,-0.07511503331824805,0.017777090844136496,1.0986122886681098,-0.0021275811020868727,-0.001876774336582817
BBB,2024-01-12,0.5,0.6,0.0,0.12121351752216346,0.039131057701269775,1.3862943611198906,-0.0019797890549534567,-0.0020619897175783927
CCC,2024-01-12,0.8,0.7,0.0,-0.10209516452162402,0.03473341166473848,1.6094379124341003,-0.003935836513392297,-0.0020746274000828712
DDD,2024-01-12,0.0,0.8,0.19999999999999996,0.07527679054009136,0.01097748962647246,1.791759469228055,-0.007621648965835796,0.0008568461393381608
EEE,2024-01-12,0.3,0.0,0.7,0.03156154337050129,0.03967116904115328,1.9459101490553132,0.002216552978085383,0.00034388571669803896
FFF,2024-01-12,0.6,0.1,0.30000000000000004,0.03814982664283668,0.046258227998689,2.0794415416798357,0.006409414633227755,0.0011304677143860117
AAA,2024-05-17,0.3,0.7,0.0,-0.020075669724820715,0.037050192750678806,1.3862943611198906,-0.009346981786331783,-0.001055765491056198
BBB,2024-05-17,0.6,0.8,0.0,0.06635920430456513,0.03937997908987732,1.6094379124341003,-0.0001015064733801978,0.0008581932976509008
CCC,2024-05-17,0.9,0.0,0.09999999999999998,0.14424592669812067,0.01289487888955577,1.791759469228055,0.004287035847065402,-0.0006600646075494642
DDD,2024-05-17,0.1,0.1,0.8,0.18968879557083887,0.012289204592957948,1.9459101490553132,-0.0012079308561222513,9.835427012973557e-05
EEE,2024-05-17,0.4,0.2,0.3999999999999999,0.025397188885885595,0.02999954117051426,2.0794415416798357,-0.0009637998794606371,-0.0026354186632415936
FFF,2024-05-17,0.7,0.3,0.0,0.05183421763678456,0.04506502557520734,0.0,0.0024313851192121418,0.00028906344432926294
AAA,2024-09-20,0.4,0.0,0.6,0.018245511453660167,0.027390856338829983,1.6094379124341003,0.0018219353656849877,-0.0014554955910094315
BBB,2024-09-20,0.7,0.1,0.20000000000000007,-0.007237485876226058,0.030098483182367075,1.791759469228055,0.004900796301780235,-0.0018378698850618812
CCC,2024-09-20,1.0,0.2,0.0,-0.009587281042596476,0.03439758922514937,1.9459101490553132,0.0042288969830556935,0.0009675704017315261
DDD,2024-09-20,0.2,0.3,0.5,-0.02812596824714969,0.024822993625196535,2.0794415416798357,0.0011805233184542597,-0.0004014265372590813
EEE,2024-09-20,0.5,0.4,0.09999999999999998,-0.00753537748313175,0.018560215758345086,0.0,0.0028502427182657275,-0.003989114802214909
FFF,2024-09-20,0.8,0.5,0.0,-0.09969845851110859,0.036747107938545576,0.6931471805599453,0.0036670182835814302,0.0029349514243624704
AAA,2025-01-17,0.5,0.2,0.30000000000000004,-0.011392188236318643,0.03274277612268317,1.791759469228055,-0.0038974771570177077,-0.0003116528444476479
BBB,2025-01-17,0.8,0.3,0.0,0.04944938712922961,0.03829262564422178,1.9459101490553132,0.0007652491475930072,0.0013716450965858204
CCC,2025-01-17,0.0,0.4,0.6,0.0012455640468275225,0.020106687826975514,2.0794415416798357,-0.0013030424101365056,0.0013224438497184726
DDD,2025-01-17,0.3,0.5,0.19999999999999996,0.08133853803256688,0.04231244854185222,0.0,-0.000980707611061995,-0.0021749034892671474
EEE,2025-01-17,0.6,0.6,0.0,0.13283573041317845,0.02353500265591324,0.6931471805599453,0.002809244941493912,-0.0038006458174255544
FFF,2025-01-17,0.9,0.7,0.0,0.16210247154548935,0.03329953656863827,1.0986122886681098,0.0024841605049591596,-0.00013046049044299177
AAA,2025-05-16,0.6,0.4,0.0,-0.0229292031540002,0.037741353481997794,1.9459101490553132,-0.0010367892112531532,-0.0003617524383445292
BBB,2025-05-16,0.9,0.5,0.0,-0.0555132755504058,0.028121452302253054,2.0794415416798357,-0.0013701844301540593,0.0019490391931153552
CCC,2025-05-16,0.1,0.6,0.30000000000000004,0.13381718749279142,0.048663493557256444,0.0,8.515482317982773e-05,-0.0004008811542054882
DDD,2025-05-16,0.4,0.7,0.0,-0.01969084709558426,0.02832738662811879,0.6931471805599453,-0.0027157791273999727,0.00023828539688846732
EEE,2025-05-16,0.7,0.8,0.0,-0.012535711318255673,0.04256416238956818,1.0986122886681098,-0.002785315661927207,-0.0032416477616624183
FFF,2025-05-16,1.0,0.0,0.0,-0.064258014517078,0.019170023431644305,1.3862943611198906,0.006866549383560835,0.0014995680101011503
AAA,2025-09-19,0.7,0.6,0.0,0.03215382310737118,0.03643086737227936,2.0794415416798357,5.950340494319836e-05,0.0025946274121299035
BBB,2025-09-19,1.0,0.7,0.0,0.10860061827062185,0.029273197294001012,0.0,-0.0023995070725541814,0.001110589640007049
CCC,2025-09-19,0.2,0.8,0.0,-0.01672418821990703,0.013563627736137928,0.6931471805599453,-0.0013514714146348927,-0.004403104910253462
DDD,2025-09-19,0.5,0.0,0.5,-0.036209692452208335,0.018632662080562974,1.0986122886681098,0.0040157360720652615,-0.0030029185100965603
EEE,2025-09-19,0.8,0.1,0.09999999999999998,0.03767488737371802,0.01334751793598029,1.3862943611198906,0.005266706478817238,0.0004121681928766197
FFF,2025-09-19,0.0,0.2,0.8,-0.161658457146312,0.012502667145312736,1.6094379124341003,-0.0013910109812225635,0.001177766801906717
AAA,2026-01-16,0.8,0.8,0.0,-0.07388880097993329,0.021047416253304065,0.0,-0.0028048814761807983,0.0033753712574579463
BBB,2026-01-16,0.0,0.0,1.0,0.06508427409094249,0.041743237920375056,0.6931471805599453,-0.0008084155024338446,0.0014794510424488857
CCC,2026-01-16,0.3,0.1,0.6,-0.10512872438138154,0.04203517013750201,1.0986122886681098,0.002186284856508745,-0.0009012147563560314
DDD,2026-01-16,0.6,0.2,0.19999999999999996,0.01813827494464708,0.026120520519964614,1.3862943611198906,0.004421775134508821,0.0007894032633451987
EEE,2026-01-16,0.9,0.3,0.0,0.061353134068010066,0.011791699719639111,1.6094379124341003,0.005389759691638646,0.0007754929525960212
FFF,2026-01-16,0.1,0.4,0.5,-0.05761343779641794,0.03708548312160214,1.791759469228055,-0.0014864959166874029,-7.934272736825551e-06
AAA,2026-02-20,0.9,0.1,0.0,-0.03288866300511028,0.019920680723435207,0.6931471805599453,0.004788792309240581,-0.002617156346668404
BBB,2026-02-20,0.1,0.2,0.7,-0.10659816721956995,0.0401160519545702,1.0986122886681098,-0.004147435726267395,-0.0003745065171415721
CCC,2026-02-20,0.4,0.3,0.30000000000000004,-0.05607463901249404,0.03672631764435049,1.3862943611198906,-0.00034671053503092513,0.0005305763441575335
DDD,2026-02-20,0.7,0.4,0.0,-0.12048038070775541,0.02936567412908976,1.6094379124341003,0.0029323317214160925,0.0015068591008686257
EEE,2026-02-20,1.0,0.5,0.0,0.08721680965217356,0.03452273279683129,1.791759469228055,0.00415915330683545,0.0009873682222164037
FFF,2026-02-20,0.2,0.6,0.19999999999999996,0.07368489489845385,0.023026007953516683,1.9459101490553132,-0.00016311506697983978,-0.00011880368442487486
AAA,2026-03-20,1.0,0.3,0.0,0.10931335960286782,0.03139694898936249,1.0986122886681098,0.006527444965946878,0.0011070594773822657
BBB,2026-03-20,0.2,0.4,0.3999999999999999,0.029890523712650777,0.03582690276132644,1.3862943611198906,-0.0006665387489265494,0.00230685612355068
CCC,2026-03-20,0.5,0.5,0.0,-0.03307256737089247,0.023905032843313814,1.6094379124341003,0.0007195588939670597,0.002866846570268572
DDD,2026-03-20,0.8,0.6,0.0,0.0014915773190277472,0.024866889859743446,1.791759469228055,-0.0019861082829643007,-0.0004994244815821933
EEE,2026-03-20,0.0,0.7,0.30000000000000004,-0.1358631251685342,0.04591875245914884,1.9459101490553132,-0.0022582492079920025,0.0012584774844852772
FFF,2026-03-20,0.3,0.8,0.0,0.10795418102383925,0.045792333017149245,2.0794415416798357,-0.0015642898358240536,0.004220431492180101
AAA,2026-04-17,0.0,0.5,0.5,-0.21200146144474236,0.022803798292982513,1.3862943611198906,-0.004707678572055337,0.00011392860231645589
BBB,2026-04-17,0.3,0.6,0.10000000000000009,-0.062001211665227526,0.04462933198780545,1.6094379124341003,-0.0022727418103547516,0.0006258905447340435
CCC,2026-04-17,0.6,0.7,0.0,0.003988293335336471,0.04369277687351556,1.791759469228055,-0.002102462443999687,0.002500539324138767
DDD,2026-04-17,0.9,0.8,0.0,0.03437146926392122,0.029355489226546988,1.9459101490553132,-0.0029163130562581507,0.00044511148708712377
EEE,2026-04-17,0.1,0.0,0.9,0.11249611547928512,0.03111024572881879,2.0794415416798357,0.0007125686125455258,0.0010890122711508768
FFF,2026-04-17,0.4,0.1,0.5,-0.05102667220486577,0.01199177204576976,0.0,0.001609562374336847,0.003766470646385478
AAA,2026-05-15,0.1,0.7,0.20000000000000007,-0.10180591006307338,0.03560272551589474,1.6094379124341003,-0.004482415761103531,9.807923035534368e-05
BBB,2026-05-15,0.4,0.8,0.0,0.06718353933679137,0.024242542598875302,1.791759469228055,-0.0026295553302711095,0.001377482771165982
CCC,2026-05-15,0.7,0.0,0.30000000000000004,0.09363261786176542,0.03911119970755235,1.9459101490553132,0.006362285538366111,-0.0008469236185798744
DDD,2026-05-15,1.0,0.1,0.0,0.13173326177785263,0.01579365736371187,2.0794415416798357,0.002744646736349536,-0.0035052427598218053
EEE,2026-05-15,0.2,0.2,0.6,-0.037581631100813646,0.021898457707890007,0.0,0.000716415368945233,0.0014379158581287834
FFF,2026-05-15,0.5,0.3,0.19999999999999996,0.1365829965271818,0.04731457843973365,0.6931471805599453,0.003376986594821313,0.002460585814679936
AAA,2026-06-05,0.2,0.0,0.8,0.06355791728658951,0.02627580700458728,1.791759469228055,-0.00037656837327649194,-0.006864379399097476
BBB,2026-06-05,0.5,0.1,0.4,0.04044795657165775,0.03842806035104174,1.9459101490553132,-0.0004752767190505454,-0.0005868920434963083
CCC,2026-06-05,0.8,0.2,0.0,0.027618107624758883,0.046660568530928474,2.0794415416798357,0.006784424078120386,-0.0031992617887684383
DDD,2026-06-05,0.0,0.3,0.7,-0.046240207097616594,0.04814855786816964,0.0,0.0004473526014791367,0.001071098614195688
EEE,2026-06-05,0.3,0.4,0.30000000000000004,0.07435835854920642,0.015295532847736855,0.6931471805599453,-0.0004345063039334696,0.002104463198118194
FFF,2026-06-05,0.6,0.5,0.0,0.06461767925236137,0.035423773744819705,1.0986122886681098,0.0025509471896772856,0.0019795715653163413
AAA,2026-06-12,0.3,0.2,0.5,0.04288013533729266,0.01428876016664657,1.9459101490553132,0.003436092570595903,-0.0020792384390191407
BBB,2026-06-12,0.6,0.3,0.10000000000000009,-0.012164584029643306,0.024748651230322473,2.0794415416798357,0.0025740559623843497,-6.774734330292157e-05
CCC,2026-06-12,0.9,0.4,0.0,0.03108942507224144,0.03273262986859026,0.0,0.0022222684670363257,-5.298246829747895e-05
DDD,2026-06-12,0.1,0.5,0.4,0.14591766995881295,0.022340528910955802,0.6931471805599453,-0.003060685250993617,0.0010868248706604419
EEE,2026-06-12,0.4,0.6,0.0,-0.038518311613776,0.04799658697750562,1.0986122886681098,0.0010228138300775085,0.00404374376550576
FFF,2026-06-12,0.7,0.7,0.0,0.11750693494192613,0.015345235314171144,1.3862943611198906,0.0003713879019573501,0.003518961799638405
AAA,2026-06-18,0.4,0.4,0.19999999999999996,-0.04958471305922606,0.011955812968998964,2.0794415416798357,-0.00257667544506198,0.0018509279027826377
BBB,2026-06-18,0.7,0.5,0.0,0.011595709295368435,0.03821269312835,0.0,-0.0004757826412799754,-0.0007699301145776914
CCC,2026-06-18,1.0,0.6,0.0,-0.017196287836763708,0.013206722501703272,0.6931471805599453,0.0026490535253826343,0.001555896153018791
DDD,2026-06-18,0.2,0.7,0.10000000000000009,-0.026005342269825905,0.04049703136182147,1.0986122886681098,-0.0031990206361034892,0.0003014878619046772
EEE,2026-06-18,0.5,0.8,0.0,-0.012545297023935678,0.023089008807396366,1.3862943611198906,-0.001922137341050234,-0.00016741675251629958
FFF,2026-06-18,0.8,0.0,0.19999999999999996,0.11624095396915372,0.03252681666141967,1.6094379124341003,0.010073907227246895,0.0032244349904672442
