article_id,date,domain,words,company_count
example-00-aaa,2023-06-16,example-a.test,80,1
example-00-bbb,2023-06-16,example-b.test,229,2
example-00-ccc,2023-06-16,example-c.test,378,3
example-00-ddd,2023-06-16,example-d.test,527,4
example-00-eee,2023-06-16,example-a.test,676,5
example-00-fff,2023-06-16,example-b.test,825,1
example-01-aaa,2023-09-15,example-b.test,307,2
example-01-bbb,2023-09-15,example-c.test,456,3
example-01-ccc,2023-09-15,example-d.test,605,4
example-01-ddd,2023-09-15,example-a.test,754,5
example-01-eee,2023-09-15,example-b.test,903,1
example-01-fff,2023-09-15,example-c.test,1052,2
example-02-aaa,2024-01-12,example-c.test,534,3
example-02-bbb,2024-01-12,example-d.test,683,4
example-02-ccc,2024-01-12,example-a.test,832,5
example-02-ddd,2024-01-12,example-b.test,981,1
example-02-eee,2024-01-12,example-c.test,1130,2
example-02-fff,2024-01-12,example-d.test,1279,3
example-03-aaa,2024-05-17,example-d.test,761,4
example-03-bbb,2024-05-17,example-a.test,910,5
example-03-ccc,2024-05-17,example-b.test,1059,1
example-03-ddd,2024-05-17,example-c.test,1208,2
example-03-eee,2024-05-17,example-d.test,1357,3
example-03-fff,2024-05-17,example-a.test,1506,4
example-04-aaa,2024-09-20,example-a.test,988,5
example-04-bbb,2024-09-20,example-b.test,1137,1
example-04-ccc,2024-09-20,example-c.test,1286,2
example-04-ddd,2024-09-20,example-d.test,1435,3
example-04-eee,2024-09-20,example-a.test,1584,4
example-04-fff,2024-09-20,example-b.test,1733,5
example-05-aaa,2025-01-17,example-b.test,1215,1
example-05-bbb,2025-01-17,example-c.test,1364,2
example-05-ccc,2025-01-17,example-d.test,1513,3
example-05-ddd,2025-01-17,example-a.test,1662,4
example-05-eee,2025-01-17,example-b.test,1811,5
example-05-fff,2025-01-17,example-c.test,1960,1
example-06-aaa,2025-05-16,example-c.test,1442,2
example-06-bbb,2025-05-16,example-d.test,1591,3
example-06-ccc,2025-05-16,example-a.test,1740,4
example-06-ddd,2025-05-16,example-b.test,1889,5
example-06-eee,2025-05-16,example-c.test,2038,1
example-06-fff,2025-05-16,example-d.test,2187,2
example-07-aaa,2025-09-19,example-d.test,1669,3
example-07-bbb,2025-09-19,example-a.test,1818,4
example-07-ccc,2025-09-19,example-b.test,1967,5
example-07-ddd,2025-09-19,example-c.test,2116,1
example-07-eee,2025-09-19,example-d.test,2265,2
example-07-fff,2025-09-19,example-a.test,2414,3
example-08-aaa,2026-01-16,example-a.test,1896,4
example-08-bbb,2026-01-16,example-b.test,2045,5
example-08-ccc,2026-01-16,example-c.test,2194,1
example-08-ddd,2026-01-16,example-d.test,2343,2
example-08-eee,2026-01-16,example-a.test,2492,3
example-08-fff,2026-01-16,example-b.test,2641,4
example-09-aaa,2026-02-20,example-b.test,2123,5
example-09-bbb,2026-02-20,example-c.test,2272,1
example-09-ccc,2026-02-20,example-d.test,2421,2
example-09-ddd,2026-02-20,example-a.test,2570,3
example-09-eee,2026-02-20,example-b.test,2719,4
example-09-fff,2026-02-20,example-c.test,2868,5
example-10-aaa,2026-03-20,example-c.test,2350,1
example-10-bbb,2026-03-20,example-d.test,2499,2
example-10-ccc,2026-03-20,example-a.test,2648,3
example-10-ddd,2026-03-20,example-b.test,2797,4
example-10-eee,2026-03-20,example-c.test,2946,5
example-10-fff,2026-03-20,example-d.test,3095,1
example-11-aaa,2026-04-17,example-d.test,2577,2
example-11-bbb,2026-04-17,example-a.test,2726,3
example-11-ccc,2026-04-17,example-b.test,2875,4
example-11-ddd,2026-04-17,example-c.test,3024,5
example-11-eee,2026-04-17,example-d.test,3173,1
example-11-fff,2026-04-17,example-a.test,3322,2
example-12-aaa,2026-05-15,example-a.test,2804,3
example-12-bbb,2026-05-15,example-b.test,2953,4
example-12-ccc,2026-05-15,example-c.test,3102,5
example-12-ddd,2026-05-15,example-d.test,3251,1
example-12-eee,2026-05-15,example-a.test,3400,2
example-12-fff,2026-05-15,example-b.test,3549,3
example-13-aaa,2026-06-05,example-b.test,3031,4
example-13-bbb,2026-06-05,example-c.test,3180,5
example-13-ccc,2026-06-05,example-d.test,3329,1
example-13-ddd,2026-06-05,example-a.test,3478,2
example-13-eee,2026-06-05,example-b.test,3627,3
example-13-fff,2026-06-05,example-c.test,3776,4
example-14-aaa,2026-06-12,example-c.test,3258,5
example-14-bbb,2026-06-12,example-d.test,3407,1
example-14-ccc,2026-06-12,example-a.test,3556,2
example-14-ddd,2026-06-12,example-b.test,3705,3
example-14-eee,2026-06-12,example-c.test,3854,4
example-14-fff,2026-06-12,example-d.test,4003,5
example-15-aaa,2026-06-18,example-d.test,3485,1
example-15-bbb,2026-06-18,example-a.test,3634,2
example-15-ccc,2026-06-18,example-b.test,3783,3
example-15-ddd,2026-06-18,example-c.test,3932,4
example-15-eee,2026-06-18,example-d.test,4081,5
example-15-fff,2026-06-18,example-a.test,4230,1
