period,target,term,coefficient,se,low,high,n,issuers,dates,blocks,df
full,prior7,positive_share,0.00484752199417948,0.000911093126533231,0.0025054825525400574,0.007189561435818902,96,6,16,15,5
full,prior7,negative_share,-0.007338465174242697,0.0009692882100041988,-0.009830099840375929,-0.004846830508109466,96,6,16,15,5
full,future7,positive_share,0.00014922151186340512,0.0010394885083313914,-0.002522868766005958,0.0028213117897327683,96,6,16,15,5
full,future7,negative_share,0.0010003858873396546,0.0011000914566779204,-0.0018274892287353016,0.003828261003414611,96,6,16,15,5
earlier,prior7,positive_share,0.0034620791956196063,0.0013550242956243512,-2.1121645558243394e-05,0.0069452800367974556,48,6,8,8,5
earlier,prior7,negative_share,-0.007090491391797083,0.0003223524273863705,-0.00791912468630976,-0.006261858097284404,48,6,8,8,5
earlier,future7,positive_share,-0.0004596935979031144,0.0014249543517378949,-0.004122655371091468,0.0032032681752852386,48,6,8,8,5
earlier,future7,negative_share,0.000437264428244975,0.0010401461990572113,-0.002236516497457647,0.0031110453539475967,48,6,8,8,5
recent,prior7,positive_share,0.006350942374976575,0.000761527912570564,0.004393372555592643,0.008308512194360507,48,6,8,7,5
recent,prior7,negative_share,-0.008177244471006649,0.0015137289705593325,-0.012068408666802928,-0.00428608027521037,48,6,8,7,5
recent,future7,positive_share,-4.626618466526544e-05,0.0008898106866783124,-0.0023335973729956116,0.002241065003665081,48,6,8,7,5
recent,future7,negative_share,0.0022663753077602667,0.0016919618587665224,-0.002082951112974412,0.006615701728494945,48,6,8,7,5
