pair_id,category
example-00-aaa|AAA,recap
example-00-bbb|BBB,retained
example-00-ccc|CCC,retained
example-00-ddd|DDD,retained
example-00-eee|EEE,retained
example-00-fff|FFF,retained
example-01-aaa|AAA,retained
example-01-bbb|BBB,retained
example-01-ccc|CCC,retained
example-01-ddd|DDD,retained
example-01-eee|EEE,retained
example-01-fff|FFF,retained
example-02-aaa|AAA,retained
example-02-bbb|BBB,retained
example-02-ccc|CCC,retained
example-02-ddd|DDD,retained
example-02-eee|EEE,retained
example-02-fff|FFF,retained
example-03-aaa|AAA,retained
example-03-bbb|BBB,retained
example-03-ccc|CCC,retained
example-03-ddd|DDD,retained
example-03-eee|EEE,retained
example-03-fff|FFF,retained
example-04-aaa|AAA,retained
example-04-bbb|BBB,retained
example-04-ccc|CCC,retained
example-04-ddd|DDD,retained
example-04-eee|EEE,retained
example-04-fff|FFF,recap
example-05-aaa|AAA,retained
example-05-bbb|BBB,retained
example-05-ccc|CCC,retained
example-05-ddd|DDD,retained
example-05-eee|EEE,recap
example-05-fff|FFF,retained
example-06-aaa|AAA,retained
example-06-bbb|BBB,retained
example-06-ccc|CCC,retained
example-06-ddd|DDD,recap
example-06-eee|EEE,retained
example-06-fff|FFF,retained
example-07-aaa|AAA,retained
example-07-bbb|BBB,retained
example-07-ccc|CCC,recap
example-07-ddd|DDD,retained
example-07-eee|EEE,retained
example-07-fff|FFF,retained
example-08-aaa|AAA,retained
example-08-bbb|BBB,recap
example-08-ccc|CCC,retained
example-08-ddd|DDD,retained
example-08-eee|EEE,retained
example-08-fff|FFF,retained
example-09-aaa|AAA,recap
example-09-bbb|BBB,retained
example-09-ccc|CCC,retained
example-09-ddd|DDD,retained
example-09-eee|EEE,retained
example-09-fff|FFF,retained
example-10-aaa|AAA,retained
example-10-bbb|BBB,retained
example-10-ccc|CCC,retained
example-10-ddd|DDD,retained
example-10-eee|EEE,retained
example-10-fff|FFF,retained
example-11-aaa|AAA,retained
example-11-bbb|BBB,retained
example-11-ccc|CCC,retained
example-11-ddd|DDD,retained
example-11-eee|EEE,retained
example-11-fff|FFF,retained
example-12-aaa|AAA,retained
example-12-bbb|BBB,retained
example-12-ccc|CCC,retained
example-12-ddd|DDD,retained
example-12-eee|EEE,retained
example-12-fff|FFF,retained
example-13-aaa|AAA,retained
example-13-bbb|BBB,retained
example-13-ccc|CCC,retained
example-13-ddd|DDD,retained
example-13-eee|EEE,retained
example-13-fff|FFF,recap
example-14-aaa|AAA,retained
example-14-bbb|BBB,retained
example-14-ccc|CCC,retained
example-14-ddd|DDD,retained
example-14-eee|EEE,recap
example-14-fff|FFF,retained
example-15-aaa|AAA,retained
example-15-bbb|BBB,retained
example-15-ccc|CCC,retained
example-15-ddd|DDD,recap
example-15-eee|EEE,retained
example-15-fff|FFF,retained
