pair_id,article_id,issuer,date,domain,label,positive,negative,mix,none
example-00-aaa|AAA,example-00-aaa,AAA,2023-06-16,example-a.test,positive,0.7257494318,0.0947930601,0.1012916760,0.0781658320
example-00-bbb|BBB,example-00-bbb,BBB,2023-06-16,example-b.test,mix,0.1724885637,0.1658644505,0.5770920558,0.0845549300
example-00-ccc|CCC,example-00-ccc,CCC,2023-06-16,example-c.test,positive,0.7202299660,0.0985374906,0.0976360297,0.0835965137
example-00-ddd|DDD,example-00-ddd,DDD,2023-06-16,example-d.test,mix,0.1768616718,0.1636827352,0.5730934973,0.0863620956
example-00-eee|EEE,example-00-eee,EEE,2023-06-16,example-a.test,positive,0.7198837270,0.1030621500,0.1026897638,0.0743643591
example-00-fff|FFF,example-00-fff,FFF,2023-06-16,example-b.test,mix,0.1771789855,0.1709373088,0.5603503108,0.0915333949
example-01-aaa|AAA,example-01-aaa,AAA,2023-09-15,example-b.test,negative,0.0933832619,0.7256869037,0.0992457843,0.0816840501
example-01-bbb|BBB,example-01-bbb,BBB,2023-09-15,example-c.test,none,0.0821165514,0.0797034773,0.0901953756,0.7479845957
example-01-ccc|CCC,example-01-ccc,CCC,2023-09-15,example-d.test,negative,0.0969568792,0.7152761997,0.1061079128,0.0816590082
example-01-ddd|DDD,example-01-ddd,DDD,2023-09-15,example-a.test,none,0.0690774654,0.0792594417,0.1038635966,0.7477994962
example-01-eee|EEE,example-01-eee,EEE,2023-09-15,example-b.test,negative,0.1012233770,0.7146103796,0.1056328705,0.0785333729
example-01-fff|FFF,example-01-fff,FFF,2023-09-15,example-c.test,none,0.0784050620,0.0826719592,0.0896916303,0.7492313485
example-02-aaa|AAA,example-02-aaa,AAA,2024-01-12,example-c.test,mix,0.1812692384,0.1730274306,0.5755438166,0.0701595144
example-02-bbb|BBB,example-02-bbb,BBB,2024-01-12,example-d.test,positive,0.7155139459,0.1101351563,0.0988616087,0.0754892890
example-02-ccc|CCC,example-02-ccc,CCC,2024-01-12,example-a.test,mix,0.1812324176,0.1596949287,0.5813786763,0.0776939775
example-02-ddd|DDD,example-02-ddd,DDD,2024-01-12,example-b.test,positive,0.7194836593,0.0901181467,0.1037728574,0.0866253367
example-02-eee|EEE,example-02-eee,EEE,2024-01-12,example-c.test,mix,0.1750202034,0.1697287570,0.5690797255,0.0861713142
example-02-fff|FFF,example-02-fff,FFF,2024-01-12,example-d.test,positive,0.7139926835,0.1011745700,0.1011633629,0.0836693836
example-03-aaa|AAA,example-03-aaa,AAA,2024-05-17,example-d.test,none,0.0772357517,0.0779299321,0.0949946533,0.7498396628
example-03-bbb|BBB,example-03-bbb,BBB,2024-05-17,example-a.test,negative,0.0964369114,0.7247672257,0.0944913264,0.0843045366
example-03-ccc|CCC,example-03-ccc,CCC,2024-05-17,example-b.test,none,0.0785429851,0.0741271674,0.0948252980,0.7525045495
example-03-ddd|DDD,example-03-ddd,DDD,2024-05-17,example-c.test,negative,0.1043914218,0.7211059474,0.0993187686,0.0751838622
example-03-eee|EEE,example-03-eee,EEE,2024-05-17,example-d.test,none,0.0810581902,0.0771827592,0.0953060054,0.7464530453
example-03-fff|FFF,example-03-fff,FFF,2024-05-17,example-a.test,negative,0.0972729256,0.7161249983,0.1101590255,0.0764430506
example-04-aaa|AAA,example-04-aaa,AAA,2024-09-20,example-a.test,positive,0.7388780080,0.1047532242,0.0852699005,0.0710988673
example-04-bbb|BBB,example-04-bbb,BBB,2024-09-20,example-b.test,mix,0.1747423389,0.1724555895,0.5738708172,0.0789312545
example-04-ccc|CCC,example-04-ccc,CCC,2024-09-20,example-c.test,positive,0.7219688236,0.0978555048,0.1028284900,0.0773471816
example-04-ddd|DDD,example-04-ddd,DDD,2024-09-20,example-d.test,mix,0.1737207709,0.1677002667,0.5840807389,0.0744982236
example-04-eee|EEE,example-04-eee,EEE,2024-09-20,example-a.test,positive,0.7191850569,0.1046645888,0.0981162541,0.0780341003
example-04-fff|FFF,example-04-fff,FFF,2024-09-20,example-b.test,mix,0.1752064059,0.1679329925,0.5715839281,0.0852766734
example-05-aaa|AAA,example-05-aaa,AAA,2025-01-17,example-b.test,negative,0.0933227386,0.7176283782,0.1085488667,0.0805000165
example-05-bbb|BBB,example-05-bbb,BBB,2025-01-17,example-c.test,none,0.0846369525,0.0738736315,0.0862047603,0.7552846558
example-05-ccc|CCC,example-05-ccc,CCC,2025-01-17,example-d.test,negative,0.1046377885,0.7101318470,0.1071233784,0.0781069861
example-05-ddd|DDD,example-05-ddd,DDD,2025-01-17,example-a.test,none,0.0738763518,0.0842423129,0.0962848916,0.7455964437
example-05-eee|EEE,example-05-eee,EEE,2025-01-17,example-b.test,negative,0.1003797335,0.7065024666,0.1118907522,0.0812270477
example-05-fff|FFF,example-05-fff,FFF,2025-01-17,example-c.test,none,0.0757463730,0.0762312810,0.0925205828,0.7555017633
example-06-aaa|AAA,example-06-aaa,AAA,2025-05-16,example-c.test,mix,0.1833106062,0.1632219966,0.5742389023,0.0792284948
example-06-bbb|BBB,example-06-bbb,BBB,2025-05-16,example-d.test,positive,0.7178848178,0.0992684127,0.1009552715,0.0818914981
example-06-ccc|CCC,example-06-ccc,CCC,2025-05-16,example-a.test,mix,0.1877479362,0.1693000754,0.5729656071,0.0699863812
example-06-ddd|DDD,example-06-ddd,DDD,2025-05-16,example-b.test,positive,0.7277769303,0.0979148819,0.1073924408,0.0669157470
example-06-eee|EEE,example-06-eee,EEE,2025-05-16,example-c.test,mix,0.1812483783,0.1711272734,0.5693492739,0.0782750744
example-06-fff|FFF,example-06-fff,FFF,2025-05-16,example-d.test,positive,0.7251620664,0.0972315252,0.1022340265,0.0753723819
example-07-aaa|AAA,example-07-aaa,AAA,2025-09-19,example-d.test,none,0.0746627830,0.0799917848,0.0951861735,0.7501592587
example-07-bbb|BBB,example-07-bbb,BBB,2025-09-19,example-a.test,negative,0.0936902157,0.7093288487,0.1015318715,0.0954490642
example-07-ccc|CCC,example-07-ccc,CCC,2025-09-19,example-b.test,none,0.0761926159,0.0742460688,0.0877848412,0.7617764742
example-07-ddd|DDD,example-07-ddd,DDD,2025-09-19,example-c.test,negative,0.0916071106,0.7295847304,0.1016628465,0.0771453125
example-07-eee|EEE,example-07-eee,EEE,2025-09-19,example-d.test,none,0.0883664225,0.0761331178,0.0934583696,0.7420420901
example-07-fff|FFF,example-07-fff,FFF,2025-09-19,example-a.test,negative,0.0938583348,0.7269931794,0.1057127655,0.0734357203
example-08-aaa|AAA,example-08-aaa,AAA,2026-01-16,example-a.test,positive,0.7236707156,0.0996564320,0.1077262110,0.0689466414
example-08-bbb|BBB,example-08-bbb,BBB,2026-01-16,example-b.test,mix,0.1798768756,0.1626770265,0.5714225967,0.0860235012
example-08-ccc|CCC,example-08-ccc,CCC,2026-01-16,example-c.test,positive,0.7280921356,0.0940702178,0.1059557264,0.0718819203
example-08-ddd|DDD,example-08-ddd,DDD,2026-01-16,example-d.test,mix,0.1846388529,0.1642574361,0.5747907568,0.0763129542
example-08-eee|EEE,example-08-eee,EEE,2026-01-16,example-a.test,positive,0.7145430714,0.1051964102,0.0968261216,0.0834343968
example-08-fff|FFF,example-08-fff,FFF,2026-01-16,example-b.test,mix,0.1853469318,0.1661665554,0.5544585533,0.0940279594
example-09-aaa|AAA,example-09-aaa,AAA,2026-02-20,example-b.test,negative,0.0970203379,0.7228583476,0.0992898182,0.0808314963
example-09-bbb|BBB,example-09-bbb,BBB,2026-02-20,example-c.test,none,0.0768745376,0.0742214981,0.0843718597,0.7645321046
example-09-ccc|CCC,example-09-ccc,CCC,2026-02-20,example-d.test,negative,0.1008977465,0.7162577122,0.1045780843,0.0782664570
example-09-ddd|DDD,example-09-ddd,DDD,2026-02-20,example-a.test,none,0.0768215778,0.0810603926,0.0986737783,0.7434442513
example-09-eee|EEE,example-09-eee,EEE,2026-02-20,example-b.test,negative,0.1006506248,0.7105783007,0.1033662521,0.0854048224
example-09-fff|FFF,example-09-fff,FFF,2026-02-20,example-c.test,none,0.0803653564,0.0815160573,0.0911729173,0.7469456690
example-10-aaa|AAA,example-10-aaa,AAA,2026-03-20,example-c.test,mix,0.1820742978,0.1761633006,0.5600039227,0.0817584790
example-10-bbb|BBB,example-10-bbb,BBB,2026-03-20,example-d.test,positive,0.7213121862,0.0979779831,0.1061501702,0.0745596606
example-10-ccc|CCC,example-10-ccc,CCC,2026-03-20,example-a.test,mix,0.1817376186,0.1650299065,0.5753915312,0.0778409437
example-10-ddd|DDD,example-10-ddd,DDD,2026-03-20,example-b.test,positive,0.7280524203,0.1044015572,0.1002326006,0.0673134219
example-10-eee|EEE,example-10-eee,EEE,2026-03-20,example-c.test,mix,0.1781571619,0.1737495798,0.5775324610,0.0705607973
example-10-fff|FFF,example-10-fff,FFF,2026-03-20,example-d.test,positive,0.7179256223,0.1075161155,0.0951501544,0.0794081079
example-11-aaa|AAA,example-11-aaa,AAA,2026-04-17,example-d.test,none,0.0762522638,0.0794221848,0.0942337744,0.7500917771
example-11-bbb|BBB,example-11-bbb,BBB,2026-04-17,example-a.test,negative,0.0915225533,0.7182953042,0.1068485486,0.0833335938
example-11-ccc|CCC,example-11-ccc,CCC,2026-04-17,example-b.test,none,0.0828540171,0.0835832359,0.0858498418,0.7477129053
example-11-ddd|DDD,example-11-ddd,DDD,2026-04-17,example-c.test,negative,0.0916610311,0.7233693747,0.0979098823,0.0870597119
example-11-eee|EEE,example-11-eee,EEE,2026-04-17,example-d.test,none,0.0750763817,0.0799312418,0.0900794217,0.7549129548
example-11-fff|FFF,example-11-fff,FFF,2026-04-17,example-a.test,negative,0.0883154657,0.7312939633,0.1045056886,0.0758848824
example-12-aaa|AAA,example-12-aaa,AAA,2026-05-15,example-a.test,positive,0.7189893525,0.0996641288,0.0974007374,0.0839457813
example-12-bbb|BBB,example-12-bbb,BBB,2026-05-15,example-b.test,mix,0.1846281888,0.1803373647,0.5629486747,0.0720857718
example-12-ccc|CCC,example-12-ccc,CCC,2026-05-15,example-c.test,positive,0.7180085550,0.1088092526,0.0942092301,0.0789729623
example-12-ddd|DDD,example-12-ddd,DDD,2026-05-15,example-d.test,mix,0.1785101713,0.1739587998,0.5715285929,0.0760024360
example-12-eee|EEE,example-12-eee,EEE,2026-05-15,example-a.test,positive,0.7162813269,0.0942984210,0.1083584928,0.0810617593
example-12-fff|FFF,example-12-fff,FFF,2026-05-15,example-b.test,mix,0.1738809480,0.1779544416,0.5673194209,0.0808451896
example-13-aaa|AAA,example-13-aaa,AAA,2026-06-05,example-b.test,negative,0.1055002578,0.7012632379,0.1093523404,0.0838841639
example-13-bbb|BBB,example-13-bbb,BBB,2026-06-05,example-c.test,none,0.0737258440,0.0804500346,0.0949466925,0.7508774289
example-13-ccc|CCC,example-13-ccc,CCC,2026-06-05,example-d.test,negative,0.0976566164,0.7185095534,0.1040358147,0.0797980155
example-13-ddd|DDD,example-13-ddd,DDD,2026-06-05,example-a.test,none,0.0775539670,0.0789898432,0.0861915986,0.7572645912
example-13-eee|EEE,example-13-eee,EEE,2026-06-05,example-b.test,negative,0.1033223018,0.7154091834,0.1024124035,0.0788561113
example-13-fff|FFF,example-13-fff,FFF,2026-06-05,example-c.test,none,0.0828519320,0.0752474826,0.0922177277,0.7496828578
example-14-aaa|AAA,example-14-aaa,AAA,2026-06-12,example-c.test,mix,0.1698670220,0.1705924153,0.5696080409,0.0899325217
example-14-bbb|BBB,example-14-bbb,BBB,2026-06-12,example-d.test,positive,0.7219535837,0.0957094854,0.0972324846,0.0851044463
example-14-ccc|CCC,example-14-ccc,CCC,2026-06-12,example-a.test,mix,0.1749023152,0.1716639253,0.5672561883,0.0861775712
example-14-ddd|DDD,example-14-ddd,DDD,2026-06-12,example-b.test,positive,0.7179429797,0.0923069945,0.1030980357,0.0866519900
example-14-eee|EEE,example-14-eee,EEE,2026-06-12,example-c.test,mix,0.1849133631,0.1633318761,0.5755429772,0.0762117836
example-14-fff|FFF,example-14-fff,FFF,2026-06-12,example-d.test,positive,0.7160206123,0.0975817293,0.1047955705,0.0816020880
example-15-aaa|AAA,example-15-aaa,AAA,2026-06-18,example-d.test,none,0.0790195435,0.0846645012,0.0931278698,0.7431880855
example-15-bbb|BBB,example-15-bbb,BBB,2026-06-18,example-a.test,negative,0.0975068925,0.7184998120,0.1062034038,0.0777898918
example-15-ccc|CCC,example-15-ccc,CCC,2026-06-18,example-b.test,none,0.0770051948,0.0923756464,0.0837286084,0.7468905504
example-15-ddd|DDD,example-15-ddd,DDD,2026-06-18,example-c.test,negative,0.1065296093,0.7253528747,0.0979138650,0.0702036511
example-15-eee|EEE,example-15-eee,EEE,2026-06-18,example-d.test,none,0.0770077201,0.0826938257,0.0888306823,0.7514677720
example-15-fff|FFF,example-15-fff,FFF,2026-06-18,example-a.test,negative,0.0896567780,0.7250975921,0.1090233631,0.0762222668
